idEmployee,FirstNameEmployee,SurnameEmployee,DrogerieMarkt_idDM
1,Kerrill,Fittes,10
2,Godart,Charlesworth,19
3,Joanie,Qualtrough,24
4,Eb,Ryman,25
5,Elset,Berzons,23
6,Kenna,Lomasney,19
7,Der,Louiset,3
8,Estrella,Goch,5
9,Mirna,Faucett,24
10,Joy,Odeson,16
11,Valery,Sayward,23
12,Georgie,Hoffner,15
13,Petra,Condy,19
14,Mack,Cockland,19
15,Staford,Westberg,4
16,Casey,Eric,4
17,Ellwood,Arson,20
18,Ruthanne,Thripp,20
19,Sibel,Swapp,23
20,Mariquilla,Wearn,5
21,Vida,Hurdiss,14
22,Hobie,Rawsthorne,20
23,Cammy,Greg,17
24,Althea,Lindenblatt,14
25,Kurtis,Airton,15
26,Blakelee,Attewill,16
27,Coleman,Pettifer,18
28,Britte,Geelan,14
29,Malynda,McTrusty,8
30,Ruggiero,Florez,10
31,Nevin,Cleeves,2
32,Callie,Trewman,19
33,Cory,Caddock,19
34,Perceval,Vigar,11
35,Fanya,Binning,5
36,Ryan,Meenehan,8
37,Allen,Wilstead,25
38,Willis,Howel,11
39,Gibbie,Ferraro,23
40,Pembroke,Dufton,23
41,Zaria,Bennough,5
42,Michelina,Mattedi,5
43,Lissa,Seth,2
44,Burt,Vinsen,23
45,Rosanna,Gosson,18
46,Coreen,Hoolaghan,12
47,Dana,Seddon,24
48,Dorene,Pagel,13
49,Annmarie,Carthew,12
50,Wandie,Barens,10
51,Fancie,Rimmer,14
52,Irena,Stollenhof,23
53,Cornall,Klewi,14
54,Carly,Learmonth,20
55,Thaddeus,Feldberg,3
56,Bing,Mockler,25
57,Harriot,Wardesworth,16
58,Idette,Poel,16
59,Niki,Izakovitz,8
60,Estell,Sugge,15
61,Ramsay,Chinnery,1
62,Josepha,Chander,2
63,Barbabas,Tysack,8
64,Rogers,Swanton,11
65,Parnell,Kirrage,2
66,Buffy,Bignold,23
67,Elli,Flucker,10
68,Dean,Frise,22
69,Eolande,Huggen,23
70,Yvonne,McCooke,11
71,Karita,Domenicone,4
72,Darryl,Dudderidge,22
73,Alisun,Barratt,21
74,Alfie,Daid,19
75,Ash,Juliff,9
76,Fionnula,Pay,8
77,Guillemette,Keach,7
78,Alvera,Normand,4
79,Lotta,O'Dunniom,3
80,Georg,Fintoph,1
81,Elsa,Newcomb,17
82,Francene,Chittim,25
83,Francisca,Balazin,10
84,Gus,Blunderfield,17
85,Giustina,Fitzpatrick,13
86,Crosby,Pudan,9
87,Merrill,Vogel,2
88,Horace,Nuccii,4
89,Sandye,Mandifield,23
90,Iorgos,Fiorentino,25
91,Elnar,Burdfield,11
92,Shana,Exall,23
93,Linnet,Aery,22
94,Maegan,Danilovitch,10
95,Clayborne,Cope,9
96,Emily,Izakof,1
97,Roxy,Finlan,4
98,Cordelia,Dunlop,20
99,Amalia,Greener,3
100,Saraann,Redhouse,23