idOrderDescription,Notes,Order_idOrder,Product_idProduct,QuantityOrdered
1,We appreciate your patience during busy periods.,1,4,11
2,and we are committed to making things right for you. Please let us know how we can assist you further.,2,4,1
3,please don't hesitate to reach out to us.,3,35,4
4,Thank you for being a valued customer.,4,30,1
5,Your satisfaction is our top priority.,5,32,4
6,Thank you for your patience.,6,3,6
7,Please let us know if there is anything else we can do for you. We are here to help and assist you.,7,7,3
8,We are here to make your shopping experience hassle-free and enjoyable. Your satisfaction is our priority.,8,7,4
9,We are committed to your happiness and satisfaction. If there is anything we can do to make your experience better,9,11,11
10,Your feedback is highly appreciated. It helps us improve our products and services,10,4,5
11,and we appreciate your patience during the processing and shipping period. If you have any questions or concerns,11,33,4
12,We are here to make things right if there are any issues with your order. Your satisfaction is important to us,12,36,4
13,and we are here to make your experience a positive one.,13,35,11
14,We are here to make things right if there are any issues with your order.,14,23,7
15,We are here to make things right if there are any issues with your order.,15,13,4
16,We are dedicated to providing a seamless shopping experience.,16,21,9
17,Your order is being handled with utmost care and attention. We want it to arrive in perfect condition.,17,28,2
18,Your order is in transit and will be delivered to you shortly. We hope you enjoy your new product and have a great experience with it. If you have any questions or need any assistance,18,5,5
19,Your order is being processed with care and attention to detail. We want to make sure everything is perfect for you.,19,21,7
20,Thank you for your patience.,20,38,7
21,We are here to assist you every step of the way.,21,30,2
22,Your order is on its way to you.,22,34,4
23,We are committed to delivering high-quality products.,23,35,6
24,Your order is being processed with care and attention to detail.,24,35,7
25,Your order is on its way to you. You can track it using the provided tracking number.,25,5,8
26,We are dedicated to your satisfaction and will go above and beyond to make you happy. Your happiness is our success.,26,11,4
27,We are here to answer any questions you may have. Feel free to reach out to us.,27,14,4
28,Your order is being processed promptly.,28,32,10
29,We are committed to providing exceptional service and ensuring your satisfaction. Your happiness is our goal.,29,12,1
30,Thank you for your patience.,30,3,4
31,Please keep your order confirmation for reference.,31,33,2
32,We appreciate your patience.,32,29,6
33,Your feedback helps us improve our products and services. We value your input and take your suggestions seriously. Thank you for sharing your thoughts with us.,33,28,9
34,and we are here to assist you with any questions or concerns you may have. Thank you for choosing us as your trusted supplier,34,7,9
35,Your order is being processed promptly.,35,9,6
36,If you have any special requests,36,21,5
37,please don't hesitate to reach out to us.,37,36,8
38,We are available to assist you with any questions or concerns.,38,28,3
39,We are committed to delivering on time.,39,22,8
40,Your order is important to us. We are working hard to get it to you as soon as possible. Thank you for your patience.,40,34,5
41,Your order is being shipped securely.,41,35,9
42,Your order is being processed.,42,28,6
43,We are working hard to process your order.,43,22,5
44,Your order is in good hands.,44,29,9
45,Thank you for your trust in our brand.,45,29,4
46,We strive to make your shopping experience memorable and enjoyable. Thank you for choosing us as your trusted supplier.,46,19,4
47,We are committed to delivering high-quality products.,47,29,2
48,Your satisfaction is our priority. If you have any concerns,48,5,5
49,We are here to make your shopping experience hassle-free and enjoyable.,49,36,9
50,We value your business and look forward to serving you again.,50,28,10
51,Your feedback helps us improve our products and services. We value your input and take your suggestions seriously. Thank you for sharing your thoughts with us.,51,11,10
52,please let us know. We are here to assist you.,52,32,9
53,Thank you for choosing our product. We hope it brings you joy and satisfaction. Your support means the world to us.,53,8,2
54,Your feedback helps us improve.,54,32,3
55,Your satisfaction is our success. We aim to exceed your expectations with every interaction.,55,29,3
56,Your order is important to us.,56,24,10
57,Your satisfaction is our priority.,57,16,1
58,We strive to make your shopping experience memorable and enjoyable. Thank you for choosing us as your trusted supplier.,58,31,9
59,Thank you for being a valued customer. We truly appreciate your business.,59,25,8
60,We strive to provide the best customer service.,60,33,4
61,We are here to provide exceptional service and ensure your complete satisfaction.,61,13,4
62,Please let us know if there is anything else we can do for you. We are here to help!,62,12,3
63,and we appreciate your understanding and support.,63,7,2
64,and we look forward to serving you again in the future.,64,27,11
65,Please let us know if there is anything else we can do for you. We are here to assist you and make your shopping experience as smooth as possible. Your happiness is our success.,65,26,8
66,Your feedback helps us improve.,66,6,8
67,Thank you for your order! We can't wait for you to receive it and experience the quality.,67,9,8
68,We value your feedback.,68,39,11
69,and we appreciate your understanding and support.,69,37,4
70,We appreciate your business.,70,25,5
71,We appreciate your loyalty and continued business. Your support is what keeps us going. Thank you for choosing us.,71,27,10
72,We apologize for any inconvenience.,72,27,8
73,and we are doing everything we can to ensure a smooth delivery process. Thank you for choosing us and trusting us with your order.,73,25,7
74,We value your opinion and strive to improve based on your feedback. Thank you for taking the time to share your thoughts.,74,35,7
75,Your satisfaction is our mission.,75,5,11
76,We are committed to your satisfaction and will go the extra mile.,76,14,6
77,Your satisfaction is our top priority.,77,9,6
78,Your feedback is highly appreciated.,78,33,6
79,We are excited to fulfill your order.,79,3,7
80,We apologize for any inconvenience.,80,24,1
81,and we appreciate your understanding and support.,81,19,1
82,and we value your trust in our brand.,82,10,9
83,We are available to assist you with any questions or concerns.,83,32,10
84,We are dedicated to providing a seamless shopping experience.,84,5,5
85,We are grateful for your continued support.,85,12,6
86,We appreciate your patience and understanding.,86,17,4
87,We look forward to serving you again in the future.,87,21,4
88,Your satisfaction is our success. We aim to exceed your expectations.,88,29,11
89,Please let us know if there is anything else we can do for you. We are here to assist you and make your shopping experience as smooth as possible. Your happiness is our success,89,29,1
90,We are here to assist you every step of the way.,90,23,7
91,and we are here to assist you with any questions or concerns you may have.,91,37,10
92,and we are here to make your experience a positive one.,92,14,2
93,Please let us know if there is anything else we can do for you.,93,10,9
94,We are dedicated to your satisfaction.,94,28,2
95,We are grateful for your continued support.,95,35,8
96,Thank you for choosing our product. We hope you love it!,96,9,10
97,We are here to make things right if there are any issues with your order. Your satisfaction is important to us.,97,13,11
98,Your order is on its way to you. You can track it using the provided tracking number.,98,12,8
99,We are available to assist you during business hours.,99,10,6
100,We are here to assist you with any questions or concerns you may have. Your satisfaction is important to us.,100,33,1
